method,k,ACC,NMI_arith,NMI_geo,CEN
CNN-orig,-,0.980000,0.985881,0.985881,0.010547
CNN-aug(增强5x),-,0.960000,0.984641,0.984654,0.011062
kNN-orig,5,0.750000,0.866537,0.866618,0.105661
kNN-orig,7,0.705000,0.840060,0.840304,0.122302
kNN-orig,9,0.650000,0.820366,0.820987,0.134911
kNN-orig,11,0.640000,0.809695,0.810487,0.140125
kNN-orig,13,0.610000,0.798712,0.799418,0.153419
kNN-aug,5,0.750000,0.866537,0.866618,0.105661
kNN-aug,7,0.705000,0.840060,0.840304,0.122302
kNN-aug,9,0.650000,0.820366,0.820987,0.134911
kNN-aug,11,0.640000,0.809695,0.810487,0.140125
kNN-aug,13,0.610000,0.798712,0.799418,0.153419
