seed,method,k,ACC,NMI_arith,NMI_geo,CEN
1,CNN-orig,-,0.980000,0.985881,0.985881,0.010547
1,CNN-aug(增强5x),-,0.975000,0.990562,0.990565,0.006443
1,kNN-orig,5,0.750000,0.866537,0.866618,0.105661
1,kNN-orig,7,0.705000,0.840060,0.840304,0.122302
1,kNN-orig,9,0.650000,0.820366,0.820987,0.134911
1,kNN-orig,11,0.640000,0.809695,0.810487,0.140125
1,kNN-orig,13,0.610000,0.798712,0.799418,0.153419
1,kNN-aug,5,0.750000,0.866537,0.866618,0.105661
1,kNN-aug,7,0.705000,0.840060,0.840304,0.122302
1,kNN-aug,9,0.650000,0.820366,0.820987,0.134911
1,kNN-aug,11,0.640000,0.809695,0.810487,0.140125
1,kNN-aug,13,0.610000,0.798712,0.799418,0.153419
2,CNN-orig,-,0.980000,0.986050,0.986050,0.010412
2,CNN-aug(增强5x),-,0.970000,0.981451,0.981452,0.013768
2,kNN-orig,5,0.750000,0.866537,0.866618,0.105661
2,kNN-orig,7,0.705000,0.840060,0.840304,0.122302
2,kNN-orig,9,0.650000,0.820366,0.820987,0.134911
2,kNN-orig,11,0.640000,0.809695,0.810487,0.140125
2,kNN-orig,13,0.610000,0.798712,0.799418,0.153419
2,kNN-aug,5,0.750000,0.866537,0.866618,0.105661
2,kNN-aug,7,0.705000,0.840060,0.840304,0.122302
2,kNN-aug,9,0.650000,0.820366,0.820987,0.134911
2,kNN-aug,11,0.640000,0.809695,0.810487,0.140125
2,kNN-aug,13,0.610000,0.798712,0.799418,0.153419
3,CNN-orig,-,0.995000,0.996472,0.996472,0.002637
3,CNN-aug(增强5x),-,0.960000,0.981496,0.981507,0.013697
3,kNN-orig,5,0.750000,0.866537,0.866618,0.105661
3,kNN-orig,7,0.705000,0.840060,0.840304,0.122302
3,kNN-orig,9,0.650000,0.820366,0.820987,0.134911
3,kNN-orig,11,0.640000,0.809695,0.810487,0.140125
3,kNN-orig,13,0.610000,0.798712,0.799418,0.153419
3,kNN-aug,5,0.750000,0.866537,0.866618,0.105661
3,kNN-aug,7,0.705000,0.840060,0.840304,0.122302
3,kNN-aug,9,0.650000,0.820366,0.820987,0.134911
3,kNN-aug,11,0.640000,0.809695,0.810487,0.140125
3,kNN-aug,13,0.610000,0.798712,0.799418,0.153419
