method,k,ACC_mean,NMI_mean,NMIgeo_mean,CEN_mean,ACC_std,NMI_std,NMIgeo_std,CEN_std,n_seeds
CNN-orig,-,0.985000,0.989468,0.989468,0.007865,0.008660,0.006066,0.006066,0.004529,3
CNN-aug(增强5x),-,0.968333,0.984503,0.984508,0.011303,0.007638,0.005247,0.005246,0.004209,3
kNN-orig,5,0.750000,0.866537,0.866618,0.105661,0.000000,0.000000,0.000000,0.000000,3
kNN-orig,7,0.705000,0.840060,0.840304,0.122302,0.000000,0.000000,0.000000,0.000000,3
kNN-orig,9,0.650000,0.820366,0.820987,0.134911,0.000000,0.000000,0.000000,0.000000,3
kNN-orig,11,0.640000,0.809695,0.810487,0.140125,0.000000,0.000000,0.000000,0.000000,3
kNN-orig,13,0.610000,0.798712,0.799418,0.153419,0.000000,0.000000,0.000000,0.000000,3
kNN-aug,5,0.750000,0.866537,0.866618,0.105661,0.000000,0.000000,0.000000,0.000000,3
kNN-aug,7,0.705000,0.840060,0.840304,0.122302,0.000000,0.000000,0.000000,0.000000,3
kNN-aug,9,0.650000,0.820366,0.820987,0.134911,0.000000,0.000000,0.000000,0.000000,3
kNN-aug,11,0.640000,0.809695,0.810487,0.140125,0.000000,0.000000,0.000000,0.000000,3
kNN-aug,13,0.610000,0.798712,0.799418,0.153419,0.000000,0.000000,0.000000,0.000000,3
