test_set,name,k,ACC,NMI_arith,NMI_geo,CEN
orig,kNN-raw,5,0.750000,0.866537,0.866618,0.105661
orig,kNN-raw,7,0.705000,0.840060,0.840304,0.122302
orig,kNN-raw,9,0.650000,0.820366,0.820987,0.134911
orig,kNN-raw,11,0.640000,0.809695,0.810487,0.140125
orig,kNN-raw,13,0.610000,0.798712,0.799418,0.153419
orig,kNN-aug,5,0.770000,0.872911,0.872970,0.099219
orig,kNN-aug,7,0.710000,0.841005,0.841212,0.122886
orig,kNN-aug,9,0.690000,0.842232,0.842465,0.123386
orig,kNN-aug,11,0.675000,0.828558,0.828922,0.131786
orig,kNN-aug,13,0.650000,0.822869,0.823316,0.138604
orig,CNN-raw,-1,0.970000,0.980917,0.980918,0.014059
orig,CNN-aug,-1,0.955000,0.968695,0.968696,0.023616
test+15°,CNN-raw,-1,0.440000,0.723222,0.731026,0.189229
test+15°,CNN-aug,-1,0.940000,0.960200,0.960202,0.029871
test+15°,kNN-raw,5,0.375000,0.645419,0.655666,0.245941
test+15°,kNN-aug,5,0.760000,0.865915,0.866024,0.101497
test-15°,CNN-raw,-1,0.505000,0.788097,0.790034,0.167577
test-15°,CNN-aug,-1,0.945000,0.961537,0.961539,0.028805
test-15°,kNN-raw,5,0.440000,0.693717,0.698639,0.228855
test-15°,kNN-aug,5,0.750000,0.863401,0.863538,0.104959
